<?xml version="1.0" encoding="UTF-8"?>
<beans xmlns="http://www.springframework.org/schema/beans"
xmlns:xsi="http://www.w3.org/2001/XMLSchema-instance"
xmlns:context="http://www.springframework.org/schema/context"
xmlns:tx="http://www.springframework.org/schema/tx"
xsi:schemaLocation="http://www.springframework.org/schema/beans
http://www.springframework.org/schema/beans/spring-beans.xsd
http://www.springframework.org/schema/context
http://www.springframework.org/schema/context/spring-context.xsd
http://www.springframework.org/schema/tx 
http://www.springframework.org/schema/tx/spring-tx.xsd">
	
	<context:component-scan base-package="com.cg.hr.controller"/>
	<!-- it's default view resolver -->
  <bean id="viewResolver" class="org.springframework.web.servlet.view.InternalResourceViewResolver">
		<property name="viewClass">
			<value>org.springframework.web.servlet.view.JstlView</value>
		</property>
		<property name="prefix"><value>/jsps/</value></property>
		<property name="suffix"><value>.jsp</value></property>
  </bean> 
  

  <!-- <bean id="firstCtlr" class="com.igate.ctlr.FirstController"/> -->
  
  <!-- <bean id="urlMapping"
		class="org.springframework.web.servlet.handler.SimpleUrlHandlerMapping">
		<property name="order" value="1" />
		<property name="mappings">
			<props>
				<prop key="/hello.obj">firstCtlr</prop>
			</props>
		</property>
  </bean> -->
	
 <!--  <bean id="beanMapping" 
    class="org.springframework.web.servlet.handler.BeanNameUrlHandlerMapping">
       <property name="order" value="2" />
  </bean> -->
  <!-- <bean name="/hello.obj" class="com.cg.hr.controllers.HrOperations"/> -->
</beans>

